Rank	Target sequence	Genomic location	Strand	GC content (%)	Self-complementarity	MM0	MM1	MM2	MM3	Efficiency
1	GTGGAGAGCGAATTTCAGAAGGG	chr19:14191446	-	45	0	0	0	0	0	71.55
2	GCATCGGGCTCCATTACAGGTGG	chr19:14188590	-	60	0	0	0	0	0	63.36
3	GTGAGAGATACTCCAGCTTGAGG	chr19:14189963	-	50	0	0	0	0	0	60.94
4	GGGCACAAACCTGGTGTTGGAGG	chr19:14188739	+	60	0	0	0	0	0	56.01
5	GGTTCTTCGATGTCCTACTCGGG	chr19:14188545	-	50	0	0	0	0	0	55.20
6	GAGATGATCCAGGCGCTGGTCGG	chr19:14191478	+	60	1	0	0	0	0	55.28
7	GTGCTCAGAGCCAGTGTCACCGG	chr19:14191008	-	60	0	0	0	0	0	53.47
8	GTCTTGCGTCTCATGACAGCTGG	chr19:14188823	-	55	0	0	0	0	0	52.23
9	GCGCCCATGATGCTGTGAGCCGG	chr19:14188423	+	65	0	0	0	0	0	49.98
10	GAAAGGGGACGCGTCCGAGCGGG	chr19:14191417	-	70	1	0	0	0	0	50.16
11	GGCTGGTTCCTGCCCAGTAACGG	chr19:14190054	-	60	0	0	0	0	0	47.49
12	GGCCAGGGTTCCCATCCCGCTGG	chr19:14188778	+	75	0	0	0	0	0	46.66
13	GGGACGACTCTCACCCCATCAGG	chr19:14188617	-	65	0	0	0	0	0	46.57
14	GGCCTAAGCGAGGTTGGCGTTGG	chr19:14188473	-	65	0	0	0	0	0	46.01
15	GGGGCCCCTGTTCACTCCTCGGG	chr19:14189994	-	70	0	0	0	0	0	45.17
16	GCTGCGGTGGGAGTAATGGCTGG	chr19:14189918	+	65	0	0	0	0	0	40.96
17	GGTTGTCAGTGCTGTGGTCTGGG	chr19:14190190	+	55	0	0	0	0	0	38.80
18	GAACTGAGGAGGGCTGCTGCTGG	chr19:14190020	+	65	0	0	0	0	0	30.76
19	GTAGACGCAGCTCGGGCTTTGGG	chr19:14190878	+	60	0	0	0	0	0	24.04
20	GGTCCTGCTGGATTTTGTGGCGG	chr19:14190961	-	55	0	0	0	1	0	65.84
21	GTGAACGGTGAATGGGTGCCCGG	chr19:14190915	-	60	0	0	0	1	0	53.71
22	GGGAGAGGACACAGGCAGCGAGG	chr19:14188514	+	70	0	0	0	1	0	53.43
23	GACTTTCACGATGTGTATCCTGG	chr19:14190573	+	45	0	0	0	1	0	30.44
24	GCGCCGAAGTTGGGTGAGTCCGG	chr19:14190849	+	65	0	0	2	1	0	41.81
